model,component,eigenvalue,explained_energy,cumulative_energy
CNN-SW,1,5.390567159987853,0.2685329316651138,0.2685329316651138
CNN-SW,2,2.836113217498656,0.14128194199714023,0.40981487366225405
CNN-SW,3,2.298540308849477,0.1145025651970872,0.5243174388593412
CNN-SW,4,1.6182552336852052,0.08061393341120737,0.6049313722705486
CNN-SW,5,1.421367593960628,0.07080590885002473,0.6757372811205733
CNN-SW,6,1.2557445121030497,0.0625553388445623,0.7382926199651356
CNN-SW,7,1.0347425530527488,0.0515460512860998,0.7898386712512354
CNN-SW,8,0.8281151787422414,0.041252838542602435,0.8310915097938378
CNN-SW,9,0.6548743049621516,0.0326227856484097,0.8637142954422475
CNN-SW,10,0.4940630433972228,0.024611918103093176,0.8883262135453407
CNN-SW,11,0.22941651068189062,0.011428461302377655,0.8997546748477183
CNN-SW,12,0.16147852181697922,0.008044107341120705,0.907798782188839
CNN-SW,13,0.14492535117258476,0.007219505530297117,0.9150182877191362
CNN-SW,14,0.14244041635904026,0.00709571765961983,0.922114005378756
CNN-SW,15,0.09157834149805859,0.004562006146966925,0.9266760115257229
CNN-SW,16,0.08677108526752048,0.004322531047123314,0.9309985425728462
CNN-SW,17,0.08227438004589102,0.004098526151133723,0.9350970687239799
CNN-SW,18,0.07396948006126425,0.003684814741208091,0.938781883465188
CNN-SW,19,0.07111001031693498,0.003542369285903873,0.9423242527510919
CNN-SW,20,0.0687974843292936,0.00342717001937354,0.9457514227704654
CNN-SW,21,0.06386814594657111,0.003181613355706108,0.9489330361261715
CNN-SW,22,0.056064680519179524,0.0027928810783459748,0.9517259172045175
CNN-SW,23,0.05248875012034394,0.0026147448924994593,0.954340662097017
CNN-SW,24,0.045669767704796915,0.002275054970331079,0.956615717067348
CNN-SW,25,0.043950511191574664,0.0021894096239180394,0.958805126691266
CNN-SW,26,0.043003587853914796,0.002142238316636805,0.9609473650079029
CNN-SW,27,0.04082941649370945,0.002033931232804909,0.9629812962407078
CNN-SW,28,0.03591892444434237,0.0017893134056266378,0.9647706096463344
CNN-SW,29,0.032684946423663555,0.0016282116934952223,0.9663988213398297
CNN-SW,30,0.02985823309818108,0.0014873980103075031,0.9678862193501372
CNN-SW,31,0.0277039319898105,0.0013800807698111507,0.9692663001199483
CNN-SW,32,0.02511852089609383,0.0012512876391534834,0.9705175877591018
CNN-SW,33,0.023535299093493715,0.001172418907995834,0.9716900066670976
CNN-SW,34,0.023170956861093255,0.0011542690760964894,0.9728442757431941
CNN-SW,35,0.02167166360834225,0.0010795812741198492,0.973923857017314
CNN-SW,36,0.021064039059523296,0.0010493122511017938,0.9749731692684158
CNN-SW,37,0.0194779406274241,0.0009703002196698366,0.9759434694880856
CNN-SW,38,0.018681490500882848,0.0009306247864440579,0.9768740942745296
CNN-SW,39,0.017384398108361156,0.0008660096889103966,0.97774010396344
CNN-SW,40,0.016654302069906736,0.0008296397070913234,0.9785697436705314
CNN-SW,41,0.014932658571908113,0.0007438754522219353,0.9793136191227534
CNN-SW,42,0.014055392215750532,0.000700174131103306,0.9800137932538567
CNN-SW,43,0.013441335993686505,0.0006695847121007925,0.9806833779659575
CNN-SW,44,0.012890339210858642,0.0006421366204548765,0.9813255145864124
CNN-SW,45,0.012339187834601759,0.0006146808276848524,0.9819401954140973
CNN-SW,46,0.012248628769946705,0.0006101695971595793,0.9825503650112568
CNN-SW,47,0.01175163143986036,0.0005854115065696976,0.9831357765178265
CNN-SW,48,0.010939372603335284,0.000544948557093438,0.9836807250749199
CNN-SW,49,0.010639922289916393,0.0005300313381508225,0.9842107564130707
CNN-SW,50,0.010285796266926129,0.0005123904301887932,0.9847231468432595
CNN-SW,51,0.009622702367491284,0.0004793581826534722,0.9852025050259129
CNN-SW,52,0.009173512805064928,0.00045698165222694267,0.9856594866781399
CNN-SW,53,0.008696378677828846,0.0004332130538250504,0.9860926997319649
CNN-SW,54,0.008012024533156636,0.00039912171996132125,0.9864918214519263
CNN-SW,55,0.007784470377494739,0.0003877860325060134,0.9868796074844323
CNN-SW,56,0.007477130726614122,0.0003724758035415178,0.9872520832879738
CNN-SW,57,0.007216523100084514,0.0003594935462225235,0.9876115768341963
CNN-SW,58,0.007028592981870449,0.00035013174363396094,0.9879617085778303
CNN-SW,59,0.0066172988424282216,0.00032964298655828613,0.9882913515643885
CNN-SW,60,0.0065226680345424025,0.00032492892076275406,0.9886162804851513
CNN-SW,61,0.006154401518033557,0.0003065835993193529,0.9889228640844706
CNN-SW,62,0.00577681311532079,0.0002877739049525295,0.9892106379894231
CNN-SW,63,0.005745324177777619,0.00028620527284712655,0.9894968432622703
CNN-SW,64,0.005383119417885138,0.0002681619198658411,0.9897650051821362
CNN-SW,65,0.005312349316088283,0.0002646364832381689,0.9900296416653743
CNN-SW,66,0.005258257563392212,0.0002619418842285884,0.9902915835496029
CNN-SW,67,0.004902112221069455,0.0002442003831890168,0.990535783932792
CNN-SW,68,0.00479260830532478,0.00023874540848023423,0.9907745293412722
CNN-SW,69,0.004740844335381131,0.00023616676875809706,0.9910106961100303
CNN-SW,70,0.004645215492618246,0.00023140298551661018,0.991242099095547
CNN-SW,71,0.004408114757092866,0.0002195917319470083,0.9914616908274939
CNN-SW,72,0.004185274700852162,0.00020849087895348585,0.9916701817064474
CNN-SW,73,0.004090988951229545,0.00020379400235238598,0.9918739757087998
CNN-SW,74,0.003930267398276271,0.00019578760367199003,0.9920697633124718
CNN-SW,75,0.003735288751002813,0.00018607467621732906,0.9922558379886891
CNN-SW,76,0.003632891952572657,0.0001809737449684485,0.9924368117336575
CNN-SW,77,0.0035547981451919653,0.00017708347546276717,0.9926138952091202
CNN-SW,78,0.0035488733595418235,0.00017678833025579723,0.992790683539376
CNN-SW,79,0.0033004374947863606,0.00016441241337849177,0.9929550959527546
CNN-SW,80,0.003223740788787998,0.00016059174095209647,0.9931156876937066
CNN-SW,81,0.003175548351149164,0.00015819101832326024,0.9932738787120299
CNN-SW,82,0.0031196169010307175,0.00015540477416252124,0.9934292834861924
CNN-SW,83,0.0030436614198143547,0.00015162102610007984,0.9935809045122925
CNN-SW,84,0.0030070643490401044,0.00014979793060498775,0.9937307024428975
CNN-SW,85,0.0028574585981896174,0.00014234526937704893,0.9938730477122746
CNN-SW,86,0.002797816814768935,0.00013937419370423833,0.9940124219059788
CNN-SW,87,0.0026769146973679688,0.00013335141371344523,0.9941457733196922
CNN-SW,88,0.0026347444736591367,0.00013125068971438984,0.9942770240094067
CNN-SW,89,0.002550640681426245,0.00012706103077458675,0.9944040850401812
CNN-SW,90,0.002463576465282397,0.0001227238973134232,0.9945268089374946
CNN-SW,91,0.0024421333196565785,0.00012165569974012073,0.9946484646372347
CNN-SW,92,0.0023297604954372205,0.00011605780938247965,0.9947645224466172
CNN-SW,93,0.0022765328124046535,0.00011340625429629668,0.9948779287009135
CNN-SW,94,0.0022260285444330253,0.0001108903670552123,0.9949888190679688
CNN-SW,95,0.002195787375044724,0.00010938389294371266,0.9950982029609124
CNN-SW,96,0.002099436509892864,0.00010458414191199428,0.9952027871028244
CNN-SW,97,0.00205882552764206,0.00010256109205509705,0.9953053481948795
CNN-SW,98,0.002026574334871213,0.00010095448794695496,0.9954063026828265
CNN-SW,99,0.0019377039325601455,9.652737870917621e-05,0.9955028300615356
CNN-SW,100,0.001833423183632296,9.133259782717859e-05,0.9955941626593628
CNN-SW,101,0.0018120212912818277,9.026645529978163e-05,0.9956844291146626
CNN-SW,102,0.0017486084537404372,8.710752328672949e-05,0.9957715366379494
CNN-SW,103,0.001740133556292707,8.668534339551276e-05,0.9958582219813449
CNN-SW,104,0.0017038987605251007,8.488029475276774e-05,0.9959431022760976
CNN-SW,105,0.0016868313269610615,8.403007476015357e-05,0.9960271323508577
CNN-SW,106,0.0016471470087197327,8.20531869852317e-05,0.996109185537843
CNN-SW,107,0.0015946994515544325,7.944049413376122e-05,0.9961886260319768
CNN-SW,108,0.0015627153370954831,7.784719462232474e-05,0.9962664732265991
CNN-SW,109,0.0015461459454456658,7.702178475661351e-05,0.9963434950113558
CNN-SW,110,0.0014920256614115535,7.43257644487501e-05,0.9964178207758045
CNN-SW,111,0.0014618463847209905,7.282237354298356e-05,0.9964906431493475
CNN-SW,112,0.001452405786184243,7.235208692443193e-05,0.996562995236272
CNN-SW,113,0.0013849755077082243,6.899302472842338e-05,0.9966319882610004
CNN-SW,114,0.00137379484457213,6.843605620158988e-05,0.996700424317202
CNN-SW,115,0.0013382658787374408,6.666616871638503e-05,0.9967670904859184
CNN-SW,116,0.0013249556062794698,6.600311297877534e-05,0.9968330935988972
CNN-SW,117,0.001290832657613963,6.4303266715803e-05,0.996897396865613
CNN-SW,118,0.0012405665325871615,6.179924264629812e-05,0.9969591961082592
CNN-SW,119,0.0012095788048179835,6.025557847580728e-05,0.997019451686735
CNN-SW,120,0.0011978299487737046,5.967030522650994e-05,0.9970791219919615
CNN-SW,121,0.0011823709079459117,5.8900207863651505e-05,0.9971380221998252
CNN-SW,122,0.0011561417929967339,5.7593595605007496e-05,0.9971956157954301
CNN-SW,123,0.001138910142146406,5.6735195072571e-05,0.9972523509905027
CNN-SW,124,0.0011100366941546357,5.529685446639855e-05,0.9973076478449691
CNN-SW,125,0.0010987472532179468,5.473446713652878e-05,0.9973623823121056
CNN-SW,126,0.001073014622414522,5.3452587404023e-05,0.9974158348995096
CNN-SW,127,0.0010535201562087892,5.248146395706391e-05,0.9974683163634667
CNN-SW,128,0.0010221408541012925,5.091829337807971e-05,0.9975192346568448
CNN-SW,129,0.0010036344991788567,4.9996393029885554e-05,0.9975692310498747
CNN-SW,130,0.000985202803076519,4.9078211836140385e-05,0.9976183092617109
CNN-SW,131,0.0009740387082030747,4.852206866293109e-05,0.9976668313303738
CNN-SW,132,0.0009342414877127097,4.653955662417471e-05,0.997713370886998
CNN-SW,133,0.0009267558405371693,4.616665657084098e-05,0.9977595375435688
CNN-SW,134,0.0009208367329585583,4.5871794218930465e-05,0.9978054093377877
CNN-SW,135,0.0009048358388403626,4.507470425060293e-05,0.9978504840420384
CNN-SW,136,0.000866618268681783,4.317088302897406e-05,0.9978936549250673
CNN-SW,137,0.000849446205320137,4.2315450867499555e-05,0.9979359703759348
CNN-SW,138,0.0008480947597286928,4.224812814692386e-05,0.9979782185040817
CNN-SW,139,0.0008235459906619844,4.1025222888422645e-05,0.9980192437269702
CNN-SW,140,0.0007922509501124336,3.946624982753077e-05,0.9980587099767977
CNN-SW,141,0.0007893428234263933,3.932138051016979e-05,0.9980980313573079
CNN-SW,142,0.0007818381472544035,3.894753252092291e-05,0.9981369788898288
CNN-SW,143,0.0007718752717474548,3.84512284979337e-05,0.9981754301183267
CNN-SW,144,0.0007471653254738571,3.72202941421967e-05,0.9982126504124689
CNN-SW,145,0.0007370386261549999,3.67158291804449e-05,0.9982493662416493
CNN-SW,146,0.000722836865225492,3.600836364221451e-05,0.9982853746052915
CNN-SW,147,0.0007204005867175238,3.588699960190472e-05,0.9983212616048934
CNN-SW,148,0.0007191698997680032,3.582569251404024e-05,0.9983570872974075
CNN-SW,149,0.0006877074225401189,3.425837853821924e-05,0.9983913456759457
CNN-SW,150,0.0006807115657824493,3.390987756069864e-05,0.9984252555535064
CNN-SW,151,0.0006758569033312738,3.366804090389282e-05,0.9984589235944102
CNN-SW,152,0.000671623100960474,3.345713260259932e-05,0.9984923807270129
CNN-SW,153,0.0006510322598936915,3.2431392870024316e-05,0.9985248121198829
CNN-SW,154,0.0006258694941853751,3.1177901160541225e-05,0.9985559900210434
CNN-SW,155,0.0006143516538118605,3.060413603524824e-05,0.9985865941570787
CNN-SW,156,0.0005991865388442581,2.9848680688820843e-05,0.9986164428377675
CNN-SW,157,0.0005951904470550709,2.964961402078665e-05,0.9986460924517883
CNN-SW,158,0.0005852169720681822,2.915278198110867e-05,0.9986752452337694
CNN-SW,159,0.0005746015387946476,2.8623970571616075e-05,0.998703869204341
CNN-SW,160,0.000564677602103921,2.812960629896581e-05,0.9987319988106399
CNN-SW,161,0.0005583088401502035,2.7812344261827433e-05,0.9987598111549018
CNN-SW,162,0.0005533829618785571,2.7566959964766996e-05,0.9987873781148665
CNN-SW,163,0.0005462632580072654,2.7212289501269843e-05,0.9988145904043678
CNN-SW,164,0.0005381162095071196,2.6806441516590074e-05,0.9988413968458844
CNN-SW,165,0.0005353570569681223,2.666899339689911e-05,0.9988680658392812
CNN-SW,166,0.0005312327231682273,2.6463538309599205e-05,0.9988945293775908
CNN-SW,167,0.000517760459315658,2.5792412915716803e-05,0.9989203217905065
CNN-SW,168,0.0005059580081217736,2.52044698058613e-05,0.9989455262603123
CNN-SW,169,0.0004958931605859954,2.4703086011664957e-05,0.998970229346324
CNN-SW,170,0.0004929218566882943,2.4555069500074096e-05,0.998994784415824
CNN-SW,171,0.0004798470665657928,2.390374439488622e-05,0.9990186881602189
CNN-SW,172,0.00047423040081507586,2.3623948285226684e-05,0.9990423121085041
CNN-SW,173,0.0004721065088769452,2.3518145887861244e-05,0.999065830254392
CNN-SW,174,0.00046515225148655677,2.3171717196933107e-05,0.9990890019715889
CNN-SW,175,0.00045664202488189526,2.2747777371779467e-05,0.9991117497489607
CNN-SW,176,0.00044581894691782253,2.2208622071590408e-05,0.9991339583710322
CNN-SW,177,0.0004337081726400683,2.1605319742722452e-05,0.999155563690775
CNN-SW,178,0.0004235686188090508,2.1100214429086864e-05,0.9991766639052041
CNN-SW,179,0.00041552703723607057,2.069962031516038e-05,0.9991973635255192
CNN-SW,180,0.00041199745058485306,2.0523792758822204e-05,0.9992178873182781
CNN-SW,181,0.0004062276965674794,2.02363705052285e-05,0.9992381236887833
CNN-SW,182,0.00039701756882601884,1.9777564867524473e-05,0.9992579012536508
CNN-SW,183,0.00038934233912311006,1.9395220696279628e-05,0.999277296474347
CNN-SW,184,0.00038442395958830904,1.9150209951338868e-05,0.9992964466842984
CNN-SW,185,0.0003769194557988413,1.8776370549385797e-05,0.9993152230548478
CNN-SW,186,0.00036912593037406304,1.8388133436627698e-05,0.9993336111882843
CNN-SW,187,0.00036559737131880134,1.821235707033064e-05,0.9993518235453547
CNN-SW,188,0.00035394322652703195,1.7631801894205055e-05,0.9993694553472489
CNN-SW,189,0.0003510102691604456,1.7485695628069598e-05,0.999386941042877
CNN-SW,190,0.00034090086760125884,1.6982092360083524e-05,0.9994039231352371
CNN-SW,191,0.00033546968078126347,1.6711535946276118e-05,0.9994206346711834
CNN-SW,192,0.00033267827841860646,1.6572481290679748e-05,0.9994372071524741
CNN-SW,193,0.00032968377691512175,1.6423309182487675e-05,0.9994536304616566
CNN-SW,194,0.0003158220695804793,1.573278352943863e-05,0.999469363245186
CNN-SW,195,0.0003093954090996161,1.541263725753013e-05,0.9994847758824436
CNN-SW,196,0.0003038563224233333,1.5136705775779932e-05,0.9994999125882194
CNN-SW,197,0.00030312037760369775,1.5100044434942296e-05,0.9995150126326543
CNN-SW,198,0.0002965484623609294,1.4772662247796107e-05,0.9995297852949021
CNN-SW,199,0.00029025763116881267,1.4459282357982574e-05,0.9995442445772601
CNN-SW,200,0.00028402779032797544,1.4148940723207198e-05,0.9995583935179833
CNN-SW,201,0.000276860495527466,1.379189950142725e-05,0.9995721854174847
CNN-SW,202,0.0002740764857671525,1.3653213110824346e-05,0.9995858386305956
CNN-SW,203,0.00026714569461119245,1.3307953398324484e-05,0.999599146583994
CNN-SW,204,0.00026114339958497235,1.3008947035492443e-05,0.9996121555310294
CNN-SW,205,0.0002568962976969141,1.2797376214235244e-05,0.9996249529072436
CNN-SW,206,0.00025373388133079216,1.2639839370200751e-05,0.9996375927466138
CNN-SW,207,0.0002470397961758878,1.2306371247438983e-05,0.9996498991178612
CNN-SW,208,0.00024395588728735223,1.2152745280031794e-05,0.9996620518631412
CNN-SW,209,0.00023839619174167344,1.1875787160461688e-05,0.9996739276503016
CNN-SW,210,0.00023544150089380733,1.1728598233583843e-05,0.9996856562485352
CNN-SW,211,0.00023258680505757078,1.1586390592130671e-05,0.9996972426391274
CNN-SW,212,0.00022166259849004514,1.104219753625572e-05,0.9997082848366636
CNN-SW,213,0.00021940448619221843,1.0929708906141737e-05,0.9997192145455698
CNN-SW,214,0.00021146864218699434,1.0534382145021364e-05,0.9997297489277148
CNN-SW,215,0.00020932222780397126,1.0427457784423535e-05,0.9997401763854993
CNN-SW,216,0.00020474309402733143,1.0199346682004656e-05,0.9997503757321813
CNN-SW,217,0.00019943100931637612,9.934723380160944e-06,0.9997603104555615
CNN-SW,218,0.00019842376135749908,9.884546981410436e-06,0.9997701950025428
CNN-SW,219,0.0001952750695697823,9.727693831904853e-06,0.9997799226963747
CNN-SW,220,0.00019188151582757285,9.558642801074051e-06,0.9997894813391758
CNN-SW,221,0.0001837996074174445,9.156039792075347e-06,0.9997986373789679
CNN-SW,222,0.00018189155020369426,9.060989274720457e-06,0.9998076983682426
CNN-SW,223,0.00017643773118571735,8.789305430293299e-06,0.9998164876736728
CNN-SW,224,0.00017306127989755212,8.62110636401221e-06,0.9998251087800368
CNN-SW,225,0.00017175385550927247,8.555976574605042e-06,0.9998336647566114
CNN-SW,226,0.0001675986636395435,8.348984282088667e-06,0.9998420137408934
CNN-SW,227,0.00016609403257214728,8.27403057506478e-06,0.9998502877714684
CNN-SW,228,0.00016127556186157235,8.033996822093955e-06,0.9998583217682906
CNN-SW,229,0.00015658994338243567,7.800581148098413e-06,0.9998661223494387
CNN-SW,230,0.0001538627818191794,7.66472666971598e-06,0.9998737870761084
CNN-SW,231,0.00015039284147749698,7.491870414520538e-06,0.9998812789465229
CNN-SW,232,0.00014856943107796646,7.40103660692993e-06,0.9998886799831298
CNN-SW,233,0.00014185682802361996,7.0666460087258025e-06,0.9998957466291385
CNN-SW,234,0.00013825913442073667,6.887425681487128e-06,0.9999026340548199
CNN-SW,235,0.00013702808242405424,6.826100408674449e-06,0.9999094601552286
CNN-SW,236,0.0001348096088550915,6.7155863952850905e-06,0.999916175741624
CNN-SW,237,0.00012817264409833765,6.384963744533593e-06,0.9999225607053684
CNN-SW,238,0.00012608285058918921,6.280859971974786e-06,0.9999288415653405
CNN-SW,239,0.00011870747383898958,5.91345307728538e-06,0.9999347550184178
CNN-SW,240,0.00011622401854410565,5.7897389093320516e-06,0.9999405447573271
CNN-SW,241,0.00011199010138808698,5.578824889973933e-06,0.999946123582217
CNN-SW,242,0.00010284716711852003,5.123366517865685e-06,0.9999512469487348
CNN-SW,243,0.00010014606152751282,4.988810026579557e-06,0.9999562357587614
CNN-SW,244,9.256906939496491e-05,4.611359593226422e-06,0.9999608471183545
CNN-SW,245,9.159023607564128e-05,4.56259867938409e-06,0.999965409717034
CNN-SW,246,8.675989282399882e-05,4.321973491752577e-06,0.9999697316905257
CNN-SW,247,8.32392449865608e-05,4.146591225455054e-06,0.9999738782817512
CNN-SW,248,7.087273048162485e-05,3.5305491104177397e-06,0.9999774088308616
CNN-SW,249,6.85959548570912e-05,3.41713076035287e-06,0.999980825961622
CNN-SW,250,6.462972689043221e-05,3.2195517687683372e-06,0.9999840455133907
CNN-SW,251,6.302725129592185e-05,3.1397239034353997e-06,0.9999871852372941
CNN-SW,252,6.19881951311015e-05,3.0879629681158324e-06,0.9999902732002622
CNN-SW,253,6.0552545312989025e-05,3.0164455854248613e-06,0.9999932896458477
CNN-SW,254,5.018116452222087e-05,2.4997917331488615e-06,0.9999957894375808
CNN-SW,255,4.362648323276466e-05,2.1732680612330273e-06,0.999997962705642
CNN-SW,256,4.0896928315367715e-05,2.0372943571022023e-06,0.9999999999999991
CNN-M,1,5.857026780623887,0.21464041862437275,0.21464041862437275
CNN-M,2,3.7994662645884114,0.13923771567484106,0.3538781342992138
CNN-M,3,3.5898094530258744,0.1315544955895061,0.4854326298887199
CNN-M,4,2.647389563252253,0.09701796242388543,0.5824505923126053
CNN-M,5,2.5536413489774374,0.09358240429671388,0.6760329966093193
CNN-M,6,2.432156205146049,0.08913038058139226,0.7651633771907115
CNN-M,7,2.099508585582415,0.07693995923079465,0.8421033364215061
CNN-M,8,1.706583267372239,0.0625405620711724,0.9046438984926786
CNN-M,9,1.4004838375051705,0.051323042973479116,0.9559669414661577
CNN-M,10,0.28048852410692005,0.010278965162462322,0.96624590662862
CNN-M,11,0.10471349777756567,0.0038373990491136047,0.9700833056777336
CNN-M,12,0.07591550715989026,0.0027820491261514647,0.972865354803885
CNN-M,13,0.0648661932499903,0.002377128771172243,0.9752424835750573
CNN-M,14,0.05102963839245919,0.0018700653688390845,0.9771125489438963
CNN-M,15,0.048137406077621375,0.0017640747394519329,0.9788766236833483
CNN-M,16,0.041807387197235174,0.0015321007442363004,0.9804087244275845
CNN-M,17,0.04016662873607783,0.0014719724408914453,0.981880696868476
CNN-M,18,0.03914354749328313,0.0014344799392408368,0.9833151768077169
CNN-M,19,0.03497869363392831,0.0012818519917575525,0.9845970287994744
CNN-M,20,0.03284657733264077,0.0012037170689366157,0.985800745868411
CNN-M,21,0.029206965431580037,0.0010703374803954975,0.9868710833488066
CNN-M,22,0.024881839038512175,0.0009118360812414846,0.987782919430048
CNN-M,23,0.024663628393156094,0.0009038393917910507,0.9886867588218391
CNN-M,24,0.02157972677233638,0.0007908247241649934,0.9894775835460041
CNN-M,25,0.02019370458421876,0.0007400316522151762,0.9902176151982193
CNN-M,26,0.019083707242905642,0.0006993539666017923,0.9909169691648211
CNN-M,27,0.018448086473985367,0.0006760605938655213,0.9915930297586866
CNN-M,28,0.017159831055596275,0.0006288503466436882,0.9922218801053303
CNN-M,29,0.015436963331413445,0.0005657130137606666,0.9927875931190909
CNN-M,30,0.014317565972802171,0.0005246908489902764,0.9933122839680812
CNN-M,31,0.013452187489060033,0.0004929776253742574,0.9938052615934555
CNN-M,32,0.012362906990253055,0.00045305914266614334,0.9942583207361216
CNN-M,33,0.010838332943552834,0.00039718860905510657,0.9946555093451768
CNN-M,34,0.009895369670730148,0.0003626321627203144,0.9950181415078971
CNN-M,35,0.009706107069040987,0.0003556963221346286,0.9953738378300317
CNN-M,36,0.007902119556986557,0.0002895862206644663,0.9956634240506962
CNN-M,37,0.007309963932598296,0.0002678856999275721,0.9959313097506237
CNN-M,38,0.006784356273904386,0.0002486239392903397,0.9961799336899141
CNN-M,39,0.006475418108241796,0.00023730239003155336,0.9964172360799456
CNN-M,40,0.00610688418950904,0.00022379685598554832,0.9966410329359311
CNN-M,41,0.0054674623761945835,0.0002003641877004374,0.9968413971236315
CNN-M,42,0.004910685244728934,0.00017996017026046,0.997021357293892
CNN-M,43,0.0047273656699725365,0.0001732421217109938,0.997194599415603
CNN-M,44,0.004236409985249713,0.0001552502398839318,0.9973498496554869
CNN-M,45,0.004148708514629599,0.00015203627466353213,0.9975018859301504
CNN-M,46,0.0034226736332318842,0.0001254295274663642,0.9976273154576168
CNN-M,47,0.0033035992049412727,0.00012106584840307122,0.99774838130602
CNN-M,48,0.002972265262680325,0.000108923568926627,0.9978573048749466
CNN-M,49,0.002694401303942785,9.874078529631241e-05,0.9979560456602429
CNN-M,50,0.002442376500946761,8.950492019872625e-05,0.9980455505804416
CNN-M,51,0.002343536490121505,8.588276477841063e-05,0.99813143334522
CNN-M,52,0.0022746261237268266,8.335743060383527e-05,0.9982147907758239
CNN-M,53,0.0019989893402173374,7.325626548769244e-05,0.9982880470413116
CNN-M,54,0.0018570761909521448,6.805562377859999e-05,0.9983561026650902
CNN-M,55,0.0018488582846071242,6.775446502960017e-05,0.9984238571301198
CNN-M,56,0.0017377684209357383,6.368339352242655e-05,0.9984875405236423
CNN-M,57,0.001645804796007938,6.031323461893332e-05,0.9985478537582613
CNN-M,58,0.001600206083049497,5.86421944812118e-05,0.9986064959527425
CNN-M,59,0.001521267672199434,5.574936605733434e-05,0.9986622453187999
CNN-M,60,0.0014072803625878327,5.1572112858861864e-05,0.9987138174316588
CNN-M,61,0.001322085165980053,4.844999418848561e-05,0.9987622674258473
CNN-M,62,0.001296682285453128,4.751906368145738e-05,0.9988097864895288
CNN-M,63,0.0012404598922644253,4.5458701237835124e-05,0.9988552451907666
CNN-M,64,0.0011490400382016997,4.2108469715671534e-05,0.9988973536604823
CNN-M,65,0.001081061517096176,3.961728455055928e-05,0.9989369709450329
CNN-M,66,0.0010331463927803482,3.786135569334265e-05,0.9989748323007263
CNN-M,67,0.0010079182706035073,3.693682949464783e-05,0.9990117691302209
CNN-M,68,0.000985835176146326,3.6127558030414224e-05,0.9990478966882513
CNN-M,69,0.0009228239332054075,3.3818406976568406e-05,0.9990817150952279
CNN-M,70,0.0008936746777606843,3.27501843739431e-05,0.9991144652796019
CNN-M,71,0.0008475750607421804,3.106078777975151e-05,0.9991455260673816
CNN-M,72,0.0008321108474689434,3.0494076146872377e-05,0.9991760201435285
CNN-M,73,0.0007918383703402976,2.901822471683807e-05,0.9992050383682453
CNN-M,74,0.0007483001857791259,2.742269604497503e-05,0.9992324610642902
CNN-M,75,0.0007337615903763304,2.6889905207516365e-05,0.9992593509694977
CNN-M,76,0.0007168770281648462,2.627114254224199e-05,0.99928562211204
CNN-M,77,0.0007094002967973786,2.599714537426519e-05,0.9993116192574142
CNN-M,78,0.000629384537296695,2.306483572996057e-05,0.9993346840931442
CNN-M,79,0.0006220464004548728,2.2795917587249965e-05,0.9993574800107314
CNN-M,80,0.0006109834597653769,2.239049785642929e-05,0.9993798705085879
CNN-M,81,0.0005587243227312673,2.0475375479482446e-05,0.9994003458840673
CNN-M,82,0.000548864872964617,2.0114059660964988e-05,0.9994204599437283
CNN-M,83,0.0005442252564056247,1.9944033250334063e-05,0.9994404039769786
CNN-M,84,0.0005066215902234569,1.856598480468705e-05,0.9994589699617833
CNN-M,85,0.0004976796201710176,1.8238291545415712e-05,0.9994772082533288
CNN-M,86,0.00048626221117353726,1.7819881738082745e-05,0.9994950281350669
CNN-M,87,0.0004755605292896204,1.7427700932772494e-05,0.9995124558359997
CNN-M,88,0.00045615671892274326,1.6716616258576962e-05,0.9995291724522583
CNN-M,89,0.0004460032376076464,1.634452516840527e-05,0.9995455169774267
CNN-M,90,0.00042762699170888457,1.5671097291055782e-05,0.9995611880747177
CNN-M,91,0.0004214617246399409,1.544516089804032e-05,0.9995766332356157
CNN-M,92,0.00040711574886909547,1.4919428925085027e-05,0.9995915526645408
CNN-M,93,0.0004019745014328703,1.4731019422568581e-05,0.9996062836839634
CNN-M,94,0.0003784739728858358,1.3869803745372684e-05,0.9996201534877088
CNN-M,95,0.0003668650456127797,1.3444375434559455e-05,0.9996335978631434
CNN-M,96,0.0003650848945377306,1.337913885868666e-05,0.9996469770020021
CNN-M,97,0.00034988727356900583,1.2822196941054834e-05,0.9996597991989432
CNN-M,98,0.00033494449015953833,1.227459396661875e-05,0.9996720737929098
CNN-M,99,0.0003249169815030212,1.190711935255098e-05,0.9996839809122623
CNN-M,100,0.0003156961434215053,1.1569206513833636e-05,0.9996955501187761
CNN-M,101,0.00030420024421367133,1.1147920303124139e-05,0.9997066980390792
CNN-M,102,0.00029817407083322704,1.092708122802197e-05,0.9997176251203073
CNN-M,103,0.0002852176262972491,1.0452270921829456e-05,0.999728077391229
CNN-M,104,0.0002800119463433164,1.026150018329826e-05,0.9997383388914124
CNN-M,105,0.00027211397773709375,9.972066081079384e-06,0.9997483109574935
CNN-M,106,0.0002699853087224531,9.894057489770445e-06,0.9997582050149832
CNN-M,107,0.0002649602336724649,9.709905316193827e-06,0.9997679149202995
CNN-M,108,0.00025211276445202786,9.239088590400297e-06,0.9997771540088899
CNN-M,109,0.00024913192164269016,9.129850683111517e-06,0.999786283859573
CNN-M,110,0.00024165487841064457,8.855842086342245e-06,0.9997951397016593
CNN-M,111,0.00023668499148476907,8.673712372710974e-06,0.999803813414032
CNN-M,112,0.00022966781328782998,8.416556289570717e-06,0.9998122299703216
CNN-M,113,0.0002230105682179291,8.172590550261538e-06,0.9998204025608719
CNN-M,114,0.00021956754649680828,8.04641533351181e-06,0.9998284489762054
CNN-M,115,0.00021406618377313655,7.844808811595303e-06,0.9998362937850169
CNN-M,116,0.00020685342884672124,7.580485496229502e-06,0.9998438742705131
CNN-M,117,0.00019268261292794926,7.0611725453110585e-06,0.9998509354430585
CNN-M,118,0.0001919545330736339,7.0344908567042715e-06,0.9998579699339152
CNN-M,119,0.00018468260930903528,6.767999201552284e-06,0.9998647379331167
CNN-M,120,0.0001753888752315238,6.4274149686818e-06,0.9998711653480854
CNN-M,121,0.00016592066540249697,6.08043678376914e-06,0.9998772457848691
CNN-M,122,0.00016435223390952593,6.0229590216136644e-06,0.9998832687438908
CNN-M,123,0.00015738809799775214,5.767746760606907e-06,0.9998890364906514
CNN-M,124,0.0001542694092232019,5.653457260285159e-06,0.9998946899479118
CNN-M,125,0.00014676124918032178,5.378308336596796e-06,0.9999000682562483
CNN-M,126,0.00014433949106592165,5.289559011222115e-06,0.9999053578152596
CNN-M,127,0.00014116327060468499,5.173161167234364e-06,0.9999105309764268
CNN-M,128,0.00013516084847859923,4.9531924960708e-06,0.9999154841689228
CNN-M,129,0.0001234631496738857,4.5245110058833694e-06,0.9999200086799287
CNN-M,130,0.00012114246986732682,4.43946586201946e-06,0.9999244481457907
CNN-M,131,0.0001157808665510321,4.24298105438388e-06,0.9999286911268451
CNN-M,132,0.00011285807621756387,4.135870575940744e-06,0.999932826997421
CNN-M,133,0.00011118266967817628,4.074472536551574e-06,0.9999369014699576
CNN-M,134,0.00010607551063328205,3.887312259428754e-06,0.999940788782217
CNN-M,135,0.00010422067619324509,3.8193387883144505e-06,0.9999446081210054
CNN-M,136,9.651126782102354e-05,3.5368147872574477e-06,0.9999481449357926
CNN-M,137,9.550973828773045e-05,3.500112083591851e-06,0.9999516450478763
CNN-M,138,9.242956830232743e-05,3.3872341679080323e-06,0.9999550322820442
CNN-M,139,8.796188397007538e-05,3.2235084976535447e-06,0.9999582557905419
CNN-M,140,8.573344870363337e-05,3.1418438072941334e-06,0.9999613976343492
CNN-M,141,8.364814943393656e-05,3.0654245719091202e-06,0.9999644630589212
CNN-M,142,8.126778336770212e-05,2.978192126493976e-06,0.9999674412510476
CNN-M,143,7.707088963926039e-05,2.8243900250976114e-06,0.9999702656410727
CNN-M,144,7.527815560539431e-05,2.7586923259195673e-06,0.9999730243333986
CNN-M,145,7.126458672428285e-05,2.6116084662948455e-06,0.9999756359418649
CNN-M,146,6.938779038681224e-05,2.5428301651813803e-06,0.9999781787720301
CNN-M,147,6.266905322520984e-05,2.2966109466242377e-06,0.9999804753829767
CNN-M,148,5.870712643085178e-05,2.1514195965499347e-06,0.9999826268025733
CNN-M,149,5.724852352935931e-05,2.0979666844992708e-06,0.9999847247692578
CNN-M,150,5.251913389981437e-05,1.9246503914473953e-06,0.9999866494196492
CNN-M,151,5.176018785179386e-05,1.8968375602000909e-06,0.9999885462572095
CNN-M,152,4.7897038686073915e-05,1.7552660794478378e-06,0.9999903015232889
CNN-M,153,4.622149462830673e-05,1.6938630004705516e-06,0.9999919953862894
CNN-M,154,4.435790940401007e-05,1.625568842416075e-06,0.9999936209551318
CNN-M,155,4.0149406079840494e-05,1.4713412882122676e-06,0.99999509229642
CNN-M,156,3.890967601220969e-05,1.425909332603358e-06,0.9999965182057526
CNN-M,157,3.278927913799992e-05,1.2016172819722093e-06,0.9999977198230346
CNN-M,158,3.078800057135667e-05,1.1282771240017287e-06,0.9999988481001586
CNN-M,159,2.0151452147143657e-05,7.384832418832135e-07,0.9999995865834005
CNN-M,160,1.1281156248440216e-05,4.134166003376616e-07,1.0000000000000009
CNN-DN,1,5.332258473467394,0.20147426283650727,0.20147426283650727
CNN-DN,2,3.7775106089677064,0.14272960868004483,0.3442038715165521
CNN-DN,3,3.3384379077113695,0.12613966855290568,0.4703435400694578
CNN-DN,4,2.626232799735366,0.09922968288138348,0.5695732229508412
CNN-DN,5,2.4923744255333635,0.09417197283206086,0.6637451957829021
CNN-DN,6,2.4224122057335418,0.09152851758121124,0.7552737133641134
CNN-DN,7,2.0450671567222276,0.07727089748217589,0.8325446108462893
CNN-DN,8,1.8231258823121868,0.06888505968431667,0.901429670530606
CNN-DN,9,1.5255070313178856,0.05763981737119725,0.9590694879018032
CNN-DN,10,0.2258577114703701,0.008533816609014316,0.9676033045108176
CNN-DN,11,0.10295356206290743,0.0038900014180161657,0.9714933059288338
CNN-DN,12,0.06974941719547262,0.0026354147089189825,0.9741287206377528
CNN-DN,13,0.06343773696710991,0.002396933936166377,0.9765256545739192
CNN-DN,14,0.05975204148570088,0.0022576734738591437,0.9787833280477783
CNN-DN,15,0.049172537099411814,0.0018579370661044872,0.9806412651138828
CNN-DN,16,0.04528052843104663,0.0017108812582673492,0.9823521463721502
CNN-DN,17,0.043241289087834214,0.0016338305591188963,0.9839859769312691
CNN-DN,18,0.03762641582038037,0.0014216779678464298,0.9854076548991155
CNN-DN,19,0.03301934436636503,0.0012476041997326957,0.9866552590988482
CNN-DN,20,0.029560258510560794,0.001116905964387558,0.9877721650632357
CNN-DN,21,0.02744550038574996,0.0010370018606398043,0.9888091669238755
CNN-DN,22,0.026632200869291713,0.0010062721198819146,0.9898154390437575
CNN-DN,23,0.022667862896237907,0.000856483418765854,0.9906719224625233
CNN-DN,24,0.021194824200601363,0.0008008260670433602,0.9914727485295667
CNN-DN,25,0.019201197336747564,0.0007254987916000126,0.9921982473211667
CNN-DN,26,0.017241630035239364,0.0006514584239932336,0.99284970574516
CNN-DN,27,0.016403683687558,0.0006197974263998695,0.9934695031715598
CNN-DN,28,0.013741604270741973,0.0005192133135358725,0.9939887164850957
CNN-DN,29,0.012488825333308506,0.0004718782651370688,0.9944605947502327
CNN-DN,30,0.011765323714709166,0.0004445414516660717,0.9949051362018988
CNN-DN,31,0.010828031634595996,0.0004091267710306634,0.9953142629729295
CNN-DN,32,0.009050113124712917,0.00034194982847537395,0.9956562128014048
CNN-DN,33,0.008888075944948663,0.00033582740933392507,0.9959920402107387
CNN-DN,34,0.007897857491907101,0.0002984129565525458,0.9962904531672913
CNN-DN,35,0.006836767484519304,0.00025832069018822887,0.9965487738574795
CNN-DN,36,0.005882436367275565,0.00022226220590706582,0.9967710360633866
CNN-DN,37,0.005800501088839852,0.00021916636014015855,0.9969902024235268
CNN-DN,38,0.004939601049578576,0.00018663807936585892,0.9971768405028926
CNN-DN,39,0.004699624660709101,0.00017757080209747012,0.99735441130499
CNN-DN,40,0.004391060726307987,0.00016591201032457786,0.9975203233153146
CNN-DN,41,0.003923449803776251,0.00014824378092794137,0.9976685670962425
CNN-DN,42,0.0034990365675948657,0.00013220773460288432,0.9978007748308454
CNN-DN,43,0.0033507596152009002,0.0001266052324308934,0.9979273800632763
CNN-DN,44,0.0030585226661797318,0.00011556334011254459,0.9980429434033888
CNN-DN,45,0.002684468935864505,0.00010143007932792617,0.9981443734827168
CNN-DN,46,0.00266895999283836,0.00010084408881769232,0.9982452175715345
CNN-DN,47,0.0024464564613413775,9.243700667605647e-05,0.9983376545782106
CNN-DN,48,0.0023633204580165933,8.929579267295087e-05,0.9984269503708835
CNN-DN,49,0.002185314320714952,8.257000181497294e-05,0.9985095203726985
CNN-DN,50,0.0019483276151365655,7.361568685705426e-05,0.9985831360595555
CNN-DN,51,0.001702551981718729,6.43292907056999e-05,0.9986474653502612
CNN-DN,52,0.0016018456492728466,6.0524198699477504e-05,0.9987079895489607
CNN-DN,53,0.0015453633201729037,5.839006816636025e-05,0.998766379617127
CNN-DN,54,0.0014105531075895353,5.329639381838641e-05,0.9988196760109453
CNN-DN,55,0.0013357960454800412,5.0471770058064594e-05,0.9988701477810034
CNN-DN,56,0.001250155770335709,4.7235934550525885e-05,0.9989173837155538
CNN-DN,57,0.0011979816238500312,4.526458455790438e-05,0.9989626483001117
CNN-DN,58,0.0011312189715692671,4.274202189140815e-05,0.9990053903220031
CNN-DN,59,0.0011045396814045184,4.173397054774388e-05,0.9990471242925508
CNN-DN,60,0.00106253756196512,4.014696082311571e-05,0.9990872712533739
CNN-DN,61,0.0009998019848001121,3.7776557320390594e-05,0.9991250478106943
CNN-DN,62,0.0009635457639344779,3.640665085233612e-05,0.9991614544615467
CNN-DN,63,0.0009017713720745889,3.407256481279508e-05,0.9991955270263595
CNN-DN,64,0.0008902485802997515,3.3637187197436477e-05,0.9992291642135569
CNN-DN,65,0.0008595149294377141,3.247594573052066e-05,0.9992616401592874
CNN-DN,66,0.0008493859895532453,3.209323346953537e-05,0.999293733392757
CNN-DN,67,0.0007834029496186549,2.9600127706436678e-05,0.9993233335204634
CNN-DN,68,0.0007531151798699466,2.84557334289562e-05,0.9993517892538923
CNN-DN,69,0.0007237873702304677,2.734761032181036e-05,0.9993791368642142
CNN-DN,70,0.0006723802560647289,2.5405241908382823e-05,0.9994045421061226
CNN-DN,71,0.0006358895089878746,2.4026474092785558e-05,0.9994285685802154
CNN-DN,72,0.0006051146969324944,2.2863677389729654e-05,0.9994514322576051
CNN-DN,73,0.0005558533545085969,2.1002384899769453e-05,0.9994724346425049
CNN-DN,74,0.0005514031581348855,2.0834238505829145e-05,0.9994932688810108
CNN-DN,75,0.0005407167378622941,2.0430462384042343e-05,0.9995136993433948
CNN-DN,76,0.0005137376337538197,1.9411082858595284e-05,0.9995331104262535
CNN-DN,77,0.0005009029119960064,1.8926135229418258e-05,0.999552036561483
CNN-DN,78,0.0004809286323918511,1.817142626717236e-05,0.9995702079877501
CNN-DN,79,0.0004618940919242513,1.7452224445238255e-05,0.9995876602121954
CNN-DN,80,0.0004522144091866708,1.708648693387243e-05,0.9996047466991292
CNN-DN,81,0.0004400106656987285,1.6625380212337198e-05,0.9996213720793415
CNN-DN,82,0.00042232021960894324,1.595696370497483e-05,0.9996373290430465
CNN-DN,83,0.00041248190565699295,1.5585232465597313e-05,0.9996529142755121
CNN-DN,84,0.00037354729645608896,1.4114125667865747e-05,0.9996670284011799
CNN-DN,85,0.0003698441401179757,1.397420546386548e-05,0.9996810026066438
CNN-DN,86,0.0003524632889483519,1.3317486703082323e-05,0.9996943200933469
CNN-DN,87,0.00034535112172759863,1.3048760298482612e-05,0.9997073688536454
CNN-DN,88,0.00033674298464411983,1.2723510110045718e-05,0.9997200923637555
CNN-DN,89,0.00032363983058353714,1.2228420024235904e-05,0.9997323207837797
CNN-DN,90,0.0003069115953765561,1.1596359730525008e-05,0.9997439171435102
CNN-DN,91,0.00029927804390165547,1.1307933322862506e-05,0.999755225076833
CNN-DN,92,0.0002932412289400215,1.107983807010468e-05,0.9997663049149031
CNN-DN,93,0.00028018039183518506,1.0586346889806832e-05,0.9997768912617929
CNN-DN,94,0.0002741916981673477,1.0360069853897017e-05,0.9997872513316468
CNN-DN,95,0.0002596573294411497,9.810902697151792e-06,0.999797062234344
CNN-DN,96,0.0002575992667736279,9.733140776780993e-06,0.9998067953751207
CNN-DN,97,0.00025199920697358745,9.521547898140991e-06,0.9998163169230189
CNN-DN,98,0.00023843130904943832,9.008897912002686e-06,0.9998253258209309
CNN-DN,99,0.00023139999650888441,8.743226523803832e-06,0.9998340690474546
CNN-DN,100,0.00021584052436899678,8.155326819558896e-06,0.9998422243742742
CNN-DN,101,0.00021277273695383817,8.039413419808362e-06,0.9998502637876939
CNN-DN,102,0.00021051402852091187,7.954070291985357e-06,0.9998582178579859
CNN-DN,103,0.00019681200061558537,7.4363523333891425e-06,0.9998656542103193
CNN-DN,104,0.00019089567538580794,7.212809669375084e-06,0.9998728670199887
CNN-DN,105,0.0001763706119655002,6.663994104671773e-06,0.9998795310140933
CNN-DN,106,0.00017272039581262583,6.526074194702358e-06,0.999886057088288
CNN-DN,107,0.0001629924509052491,6.158513143624239e-06,0.9998922156014317
CNN-DN,108,0.00015601621179441488,5.894922652049182e-06,0.9998981105240837
CNN-DN,109,0.0001542832965919858,5.829446116223914e-06,0.9999039399702
CNN-DN,110,0.00014894602056622508,5.6277822699951965e-06,0.99990956775247
CNN-DN,111,0.0001393486441576945,5.265154624187207e-06,0.9999148329070942
CNN-DN,112,0.0001358658125502383,5.133559178432374e-06,0.9999199664662726
CNN-DN,113,0.00013468260391215754,5.088852776946909e-06,0.9999250553190495
CNN-DN,114,0.0001316792572747801,4.975374210065914e-06,0.9999300306932596
CNN-DN,115,0.00012679090557362257,4.790672538086411e-06,0.9999348213657977
CNN-DN,116,0.00012295111637327085,4.645589792672273e-06,0.9999394669555903
CNN-DN,117,0.00011492818534312225,4.342451052656126e-06,0.999943809406643
CNN-DN,118,0.00010567962325882641,3.993003020925681e-06,0.9999478024096639
CNN-DN,119,0.00010353772116636196,3.912073308441838e-06,0.9999517144829723
CNN-DN,120,9.791826934207757e-05,3.699747720798907e-06,0.9999554142306931
CNN-DN,121,9.184455920790664e-05,3.4702584193980725e-06,0.9999588844891125
CNN-DN,122,9.024442127194243e-05,3.409798745005079e-06,0.9999622942878575
CNN-DN,123,8.51399654547801e-05,3.2169317866493346e-06,0.9999655112196442
CNN-DN,124,8.130008585494267e-05,3.0718456255774916e-06,0.9999685830652697
CNN-DN,125,7.618621952231633e-05,2.8786230999371796e-06,0.9999714616883696
CNN-DN,126,7.222573309614831e-05,2.72897992581938e-06,0.9999741906682954
CNN-DN,127,6.961615525282824e-05,2.6303795344629746e-06,0.9999768210478299
CNN-DN,128,6.73036097681595e-05,2.5430022253700496e-06,0.9999793640500553
CNN-DN,129,6.080513766551404e-05,2.2974637011295464e-06,0.9999816615137564
CNN-DN,130,5.547733398293254e-05,2.0961577582862076e-06,0.9999837576715147
CNN-DN,131,5.231412959658695e-05,1.9766391199622544e-06,0.9999857343106346
CNN-DN,132,4.841617425804221e-05,1.8293586229063325e-06,0.9999875636692576
CNN-DN,133,4.719630583845211e-05,1.7832670668016577e-06,0.9999893469363244
CNN-DN,134,4.128482188914377e-05,1.5599073259183043e-06,0.9999909068436502
CNN-DN,135,3.7529329518332284e-05,1.4180096552104256e-06,0.9999923248533055
CNN-DN,136,3.604888587360797e-05,1.3620725146018109e-06,0.99999368692582
CNN-DN,137,3.063459026300081e-05,1.157498557365136e-06,0.9999948444243774
CNN-DN,138,2.7628260131141874e-05,1.0439072620118948e-06,0.9999958883316393
CNN-DN,139,2.3976596055638646e-05,9.05932643677207e-07,0.999996794264283
CNN-DN,140,2.3131890386082294e-05,8.74016251601596e-07,0.9999976682805346
CNN-DN,141,2.0643697773299988e-05,7.800022845461741e-07,0.9999984482828191
CNN-DN,142,1.915480571357357e-05,7.237459286944958e-07,0.9999991720287479
CNN-DN,143,1.6282714982878557e-05,6.152267401282175e-07,0.999999787255488
CNN-DN,144,5.630539149605577e-06,2.127445115767633e-07,0.9999999999999996
